<?xml version="1.0" encoding="UTF-8"?>
<project-private xmlns="http://www.netbeans.org/ns/project-private/1">
    <editor-bookmarks xmlns="http://www.netbeans.org/ns/editor-bookmarks/2" lastBookmarkId="0"/>
    <open-files xmlns="http://www.netbeans.org/ns/projectui-open-files/2">
        <group>
            <file>file:/C:/Users/ADMIN/Documents/NetBeansProjects/Laboratorio2-master/Laboratorio2-master/Lab2/src/Diseño/CPromotor.java</file>
            <file>file:/C:/Users/ADMIN/Documents/NetBeansProjects/Laboratorio2-master/Laboratorio2-master/Lab2/src/Diseño/CCrowFounding.java</file>
            <file>file:/C:/Users/ADMIN/Documents/NetBeansProjects/Laboratorio2-master/Laboratorio2-master/Lab2/src/Diseño/FPromotor.java</file>
            <file>file:/C:/Users/ADMIN/Documents/NetBeansProjects/Laboratorio2-master/Laboratorio2-master/Lab2/datos/Promotores.txt</file>
        </group>
    </open-files>
</project-private>
